broker_id,avg_slippage,total_cost,trade_count
BROKER1CODE,-3.2355503115127107,117861358.51619999,8
BROKER2CODE,-0.7246333909271243,78706518.83219999,4
UNMATCHED_SYMBOL,0.0,0.0,1
BROKER3CODE,10.589729675301465,47376070.291200005,5
